{
  "eval_loss": 0.04499892517924309,
  "eval_accuracy": 0.991332611050921,
  "eval_precision": 0.9861694060586323,
  "eval_recall": 0.989520969067324,
  "eval_f1": 0.9878201798040122,
  "eval_runtime": 5.2485,
  "eval_samples_per_second": 30.294,
  "eval_steps_per_second": 1.905,
  "epoch": 9.0
}